[
null,
{"id":1,"battlerName":"Package1_1","characterIndex":0,"characterName":"Package1 (1)","classId":1,"equips":[0,0,0,0,0],"faceIndex":0,"faceName":"Package1","traits":[],"initialLevel":1,"maxLevel":99,"name":"Aldo","nickname":"","note":"","profile":""},
{"id":2,"battlerName":"Package1_2","characterIndex":1,"characterName":"Package1 (1)","classId":1,"equips":[0,0,0,0,0],"faceIndex":1,"faceName":"Package1","traits":[],"initialLevel":1,"maxLevel":99,"name":"Nina","nickname":"","note":"","profile":""}
]