[
null,
{"id":1,"animationId":0,"consumable":true,"damage":{"critical":false,"elementId":0,"formula":"0","type":0,"variance":20},"description":"Octopus balls! No, not the- you know what, nevermind.\nThey taste good. Eat them. [+100 HP]","effects":[{"code":11,"dataId":0,"value1":0.1,"value2":100}],"hitType":0,"iconIndex":258,"itypeId":1,"name":"Takiyoki","note":"","occasion":0,"price":0,"repeats":1,"scope":7,"speed":100,"successRate":100,"tpGain":10},
{"id":2,"animationId":0,"consumable":true,"damage":{"critical":false,"elementId":0,"formula":"0","type":0,"variance":20},"description":"It's the best soda ever and tastes amazing. The way it\nfizzes- Nina stop that! [+20 MP]","effects":[{"code":12,"dataId":0,"value1":0,"value2":20}],"hitType":0,"iconIndex":176,"itypeId":1,"name":"Fizzy-pop","note":"","occasion":0,"price":0,"repeats":1,"scope":7,"speed":0,"successRate":100,"tpGain":0},
{"id":3,"animationId":0,"consumable":true,"damage":{"critical":false,"elementId":0,"formula":"0","type":0,"variance":20},"description":"Leaves a very cool sensation in the mouth. Much cooler\nthat Fizz- OW NINA! Geez... [+20 TP]","effects":[{"code":13,"dataId":0,"value1":20,"value2":0}],"hitType":0,"iconIndex":228,"itypeId":1,"name":"Coola Supreme","note":"","occasion":0,"price":0,"repeats":1,"scope":7,"speed":0,"successRate":100,"tpGain":0},
{"id":4,"animationId":0,"consumable":true,"damage":{"critical":false,"elementId":0,"formula":"0","type":0,"variance":20},"description":"","effects":[],"hitType":0,"iconIndex":0,"itypeId":1,"name":"","note":"","occasion":0,"price":0,"repeats":1,"scope":7,"speed":0,"successRate":100,"tpGain":0}
]